PDB File,Original Score,Best Packed Score,Î” Score (Repacking)
Nitazene_M_N13.pdb,3309279.6441111905,2876824.704770149,-432454.93934104126
Nitazene_M_100.6.pdb,1649212.7638286548,1350674.5638611782,-298538.19996747654
Menitazene_M_100.7.pdb,1700204.991722453,1440654.5162223473,-259550.47550010565
Menitazene_M_100.6.pdb,2496476.2444841797,2141180.036565257,-355296.2079189229
Butonitazene_M_100.6.pdb,1758291.4881428187,1461898.4468073552,-296393.0413354635
Butonitazene_M_100.4.pdb,1879904.1412341616,1585558.8410017139,-294345.3002324477
Nitazene_M_100.5.pdb,2189485.0069172354,1869307.3742676992,-320177.63264953624
Menitazene_M_100.5.pdb,1790023.9878860132,1518948.1419033655,-271075.84598264773
Butonitazene_M_100.5.pdb,1914717.3372720755,1620319.2012350992,-294398.13603697624
Butonitazene_M_100.1.pdb,2167954.0840954096,1828382.9853337833,-339571.0987616263
Nitazene_M_N8.pdb,2392771.1543180277,2049519.9273812696,-343251.22693675803
Nitazene_M_100.1.pdb,1659561.6679990392,1363754.5293821197,-295807.1386169195
Nitazene_M_N14.pdb,2006909.122696322,1737728.6138308195,-269180.50886550243
Menitazene_M_100.2.pdb,1837449.327480205,1588343.488626802,-249105.838853403
Protonitazene_M_100.11.pdb,1879185.951660286,1570909.6674854984,-308276.2841747876
Nitazene_M_10.2.pdb,2284653.122863177,1954426.2150862885,-330226.9077768887
Protonitazene_M_100.10.pdb,1911330.0303463172,1623030.9756742148,-288299.05467210244
Butonitazene_M_100.3.pdb,1808075.1472186318,1535835.7347884425,-272239.4124301893
Protonitazene_M_100.7.pdb,1971132.2445433203,1686056.3401438533,-285075.90439946693
Protonitazene_M_100.6.pdb,1898053.8545807425,1583065.345920664,-314988.5086600785
Protonitazene_M_100.4.pdb,1376743.4877696985,1152283.561361113,-224459.9264085854
Isotonitazene_M_100.1.pdb,1923801.4601482216,1637417.8332813191,-286383.62686690246
Protonitazene_M_100.5.pdb,1658663.9477023033,1389806.2054066362,-268857.74229566706
Protonitazene_M_100.1.pdb,1787628.4772861274,1512081.478820329,-275546.99846579833
Menitazene_M_10.1.pdb,1838682.197336423,1590216.9896715328,-248465.20766489021
Nitazene_M_100.11.pdb,2384468.1074330965,2066491.405109491,-317976.70232360554
Nitazene_M_100.10.pdb,1899756.6645422054,1616358.2303822502,-283398.43415995524
Menitazene_M_100.13.pdb,1793641.6274957424,1488947.3212650532,-304694.30623068917
Menitazene_M_100.10.pdb,2132547.104211559,1824928.7145235012,-307618.3896880578
Protonitazene_M_100.8.pdb,1431178.1109883222,1173488.5584335711,-257689.55255475105
Protonitazene_M_100.9.pdb,2217529.95623077,1898712.1569974418,-318817.7992333281
Metonitazene_M_100.7.pdb,2831809.24870644,2407947.5215368895,-423861.7271695505
Nitazene_M_N7.pdb,2388802.649643856,2057355.4332255186,-331447.21641833754
Butonitazene_M_100.12.pdb,1556322.1260296423,1267004.055123989,-289318.0709056533
Metonitazene_M_100.4.pdb,1867586.914959934,1574194.6861382527,-293392.22882168135
Butonitazene_M_100.10.pdb,2764456.491837142,2394573.074973688,-369883.41686345404
Metonitazene_M_100.5.pdb,1502654.6385528622,1220183.8926476648,-282470.74590519746
Nitazene_M_100.9.pdb,2143893.889348426,1852953.2654180792,-290940.6239303467
Butonitazene_M_100.8.pdb,2003346.8876821457,1695776.0422134378,-307570.84546870785
Metonitazene_M_100.1.pdb,2525635.663494722,2189963.514279632,-335672.1492150901
Nitazene_M_N1.pdb,1859939.2351133171,1601863.965608396,-258075.26950492105
Butonitazene_M_100.15.pdb,2018442.2476319491,1720505.0545709436,-297937.19306100556
Butonitazene_M_100.14.pdb,1743737.8444724637,1474544.8267707473,-269193.0177017164
Menitazene_M_100.9.pdb,1550452.9708780756,1281258.2712428349,-269194.6996352407
Butonitazene_M_100.9.pdb,2792511.2768694405,2393075.8794466853,-399435.39742275514
Butonitazene_M_100.16.pdb,2509683.629255315,2163998.07968734,-345685.54956797464
Metonitazene_M_100.3.pdb,1677253.7905499353,1412618.980527724,-264634.8100222114
